[
  {
    "id": "chicken.png",
    "changeListVersion": 1,
    "isDeleted": false
  },
  {
    "id": "lamb.png",
    "changeListVersion": 1,
    "isDeleted": true
  },
  {
    "id": "mayonnaise.png",
    "changeListVersion": 1,
    "isDeleted": true
  },
  {
    "id": "salami.png",
    "changeListVersion": 1,
    "isDeleted": false
  },
  {
    "id": "sheep.png",
    "changeListVersion": 1,
    "isDeleted": false
  },
  {
    "id": "tomatoes.png",
    "changeListVersion": 1,
    "isDeleted": false
  },
  {
    "id": "pork.png",
    "changeListVersion": 1,
    "isDeleted": false
  },
  {
    "id": "kiwi.png",
    "changeListVersion": 1,
    "isDeleted": false
  },
  {
    "id": "can.png",
    "changeListVersion": 2,
    "isDeleted": false
  },
  {
    "id": "baguette.png",
    "changeListVersion": 2,
    "isDeleted": false
  },
  {
    "id": "buns.png",
    "changeListVersion": 2,
    "isDeleted": false
  },
  {
    "id": "cotton_swabs.png",
    "changeListVersion": 2,
    "isDeleted": false
  },
  {
    "id": "cotton_pads.png",
    "changeListVersion": 2,
    "isDeleted": false
  },
  {
    "id": "peas.png",
    "changeListVersion": 2,
    "isDeleted": false
  },
  {
    "id": "pretzels.png",
    "changeListVersion": 2,
    "isDeleted": false
  },
  {
    "id": "smoothie.png",
    "changeListVersion": 2,
    "isDeleted": false
  },
  {
    "id": "toast.png",
    "changeListVersion": 2,
    "isDeleted": false
  },
  {
    "id": "tomato_paste.png",
    "changeListVersion": 2,
    "isDeleted": false
  }
]